feature,importance
current_salary,0.5945362112650925
years_of_experience,0.12000115207571803
current_role,0.07598547095874529
target_company_tier,0.05820710451932871
target_company,0.03906936017614459
current_company,0.03841630092643559
current_company_tier,0.027656011401129797
location,0.015093479289083032
certifications,0.012811534340727912
skills,0.01222770242616025
education,0.0034761154572292186
gender,0.0025195571642051863
sector,0.0
